[
  {
    "Id": 4840,
    "Title": "1st Work Item"
  },
  {
    "Id": 4885,
    "Title": "Ouput configuration"
  },
  {
    "Id": 4888,
    "Title": "Opening vlp files do not restore the correct input format settings"
  },
  {
    "Id": 4889,
    "Title": "Edit menu is missing"
  },
  {
    "Id": 8455,
    "Title": "Results grid limited to 5000 rows"
  },
  {
    "Id": 9920,
    "Title": "Error when running as non-admin"
  },
  {
    "Id": 15465,
    "Title": "Show/Hide Hidden Characters"
  },
  {
    "Id": 25331,
    "Title": "Force *.vlp saved in UTF-8 Encoding"
  },
  {
    "Id": 25358,
    "Title": "Can not impersonate MSUtil object"
  },
  {
    "Id": 31871,
    "Title": "Cannot install"
  },
  {
    "Id": 34656,
    "Title": "Problems when using Input-Parameters"
  },
  {
    "Id": 34988,
    "Title": "IISW3C: Error parsing query: SELECT clause: Syntax Error: unknown field 'cs-uri-stem' [Record field does not exist.]"
  }
]