{
  "WorkItem": {
    "AffectedComponent": {
      "Name": "",
      "DisplayName": ""
    },
    "ClosedComment": "",
    "ClosedDate": "2006-11-09T07:11:41.113-08:00",
    "CommentCount": 0,
    "Custom": null,
    "Description": "1st Description",
    "LastUpdatedDate": "2013-05-16T02:48:28.757-07:00",
    "PlannedForRelease": "",
    "ReleaseVisibleToPublic": false,
    "Priority": {
      "Name": "Low",
      "Severity": 50,
      "Id": 1
    },
    "ProjectName": "visuallogparser",
    "ReportedDate": "2006-10-27T01:39:45.907-07:00",
    "Status": {
      "Name": "Closed",
      "Id": 4
    },
    "ReasonClosed": {
      "Name": "Unassigned"
    },
    "Summary": "1st Work Item",
    "Type": {
      "Name": "Issue",
      "Id": 3
    },
    "VoteCount": 0,
    "Id": 4840
  },
  "FileAttachments": [],
  "Comments": []
}