{
  "WorkItem": {
    "AffectedComponent": {
      "Name": "File management",
      "DisplayName": "File management"
    },
    "ClosedComment": "",
    "ClosedDate": "2006-11-09T07:09:11.157-08:00",
    "CommentCount": 0,
    "Custom": null,
    "Description": "as reported by Daniel E:\n \nIf I save a query as a .vlp file, if I load that .vlp into\na new session of VLP while the input format selector in the toolbar is\nset to the same format as the one the .vlp uses, the settings for the\ninput format are not updated.\n \nIf however, I first change the input format selector to a different\ninput format, *then* load the .vlp file and then switch to the desired\nformat, I do see the settings from the .vlp file.",
    "LastUpdatedDate": "2013-05-16T02:48:28.623-07:00",
    "PlannedForRelease": "1.1 Beta",
    "ReleaseVisibleToPublic": true,
    "Priority": {
      "Name": "High",
      "Severity": 150,
      "Id": 3
    },
    "ProjectName": "visuallogparser",
    "ReportedDate": "2006-10-28T06:46:05.82-07:00",
    "Status": {
      "Name": "Closed",
      "Id": 4
    },
    "ReasonClosed": {
      "Name": "Unassigned"
    },
    "Summary": "Opening vlp files do not restore the correct input format settings",
    "Type": {
      "Name": "Issue",
      "Id": 3
    },
    "VoteCount": 0,
    "Id": 4888
  },
  "FileAttachments": [],
  "Comments": [
    {
      "Message": "Associated with changeset 9562.",
      "PostedDate": "2006-10-28T07:03:12.863-07:00",
      "Id": -2147483648
    },
    {
      "Message": "",
      "PostedDate": "2006-11-09T07:08:24.577-08:00",
      "Id": -2147483648
    },
    {
      "Message": "Resolved with changeset 10597.",
      "PostedDate": "2006-11-09T07:09:11.157-08:00",
      "Id": -2147483648
    },
    {
      "Message": "",
      "PostedDate": "2013-02-14T13:13:15.437-08:00",
      "Id": -2147483648
    },
    {
      "Message": "",
      "PostedDate": "2013-05-16T02:48:28.623-07:00",
      "Id": -2147483648
    }
  ]
}