{
  "WorkItem": {
    "AffectedComponent": {
      "Name": "",
      "DisplayName": ""
    },
    "ClosedComment": "",
    "ClosedDate": null,
    "CommentCount": 0,
    "Custom": null,
    "Description": "Hello,\n\nI've selected TSV Input Format and changed the iSeparator to 'space' and selected an iHeaderFile. But the parameters have not been saved in the vlp file and when executing the query, these parameters are not applied.\n\nThx for your help!\n\nSincerely,\nAndreas Igel",
    "LastUpdatedDate": "2013-11-18T04:42:59.317-08:00",
    "PlannedForRelease": "",
    "ReleaseVisibleToPublic": false,
    "Priority": {
      "Name": "Unassigned",
      "Severity": 0,
      "Id": 0
    },
    "ProjectName": "visuallogparser",
    "ReportedDate": "2013-11-18T04:42:59.317-08:00",
    "Status": {
      "Name": "Proposed",
      "Id": 1
    },
    "ReasonClosed": {
      "Name": "Unassigned"
    },
    "Summary": "Problems when using Input-Parameters",
    "Type": {
      "Name": "Unassigned",
      "Id": 5
    },
    "VoteCount": 1,
    "Id": 34656
  },
  "FileAttachments": [],
  "Comments": []
}