{
  "WorkItem": {
    "AffectedComponent": {
      "Name": "",
      "DisplayName": ""
    },
    "ClosedComment": "",
    "ClosedDate": null,
    "CommentCount": 0,
    "Custom": null,
    "Description": "If I start VLP as a non-administrator (i.e. \"normal user\"), right after the start the following error occurs:\n \n---------------------------\nEin Aufrufziel hat einen Ausnahmefehler verursacht.\n   bei System.RuntimeMethodHandle._InvokeMethodFast(Object target, Object[] arguments, SignatureStruct& sig, MethodAttributes methodAttributes, RuntimeTypeHandle typeOwner)\n   bei System.RuntimeMethodHandle.InvokeMethodFast(Object target, Object[] arguments, Signature sig, MethodAttributes methodAttributes, RuntimeTypeHandle typeOwner)\n   bei System.Reflection.RuntimeConstructorInfo.Invoke(Object obj, BindingFlags invokeAttr, Binder binder, Object[] parameters, CultureInfo culture)\n   bei System.Reflection.MethodBase.Invoke(Object obj, Object[] parameters)\n   bei Microsoft.Practices.ObjectBuilder.CreationStrategy.InitializeObject(IBuilderContext context, Object existing, String id, ICreationPolicy policy)\n   bei Microsoft.Practices.ObjectBuilder.CreationStrategy.BuildUpNewObject(IBuilderContext context, Type typeToBuild, Object existing, String idToBuild)\n   bei Microsoft.Practices.ObjectBuilder.CreationStrategy.BuildUp(IBuilderContext context, Type typeToBuild, Object existing, String idToBuild)\n   bei Microsoft.Practices.ObjectBuilder.BuilderStrategy.BuildUp(IBuilderContext context, Type typeToBuild, Object existing, String idToBuild)\n   bei Microsoft.Practices.ObjectBuilder.ReflectionStrategy`1.BuildUp(IBuilderContext context, Type typeToBuild, Object existing, String idToBuild)\n   bei Microsoft.Practices.ObjectBuilder.BuilderStrategy.BuildUp(IBuilderContext context, Type typeToBuild, Object existing, String idToBuild)\n   bei Microsoft.Practices.ObjectBuilder.ReflectionStrategy`1.BuildUp(IBuilderContext context, Type typeToBuild, Object existing, String idToBuild)\n   bei Microsoft.Practices.ObjectBuilder.BuilderStrategy.BuildUp(IBuilderContext context, Type typeToBuild, Object existing, String idToBuild)\n   bei Microsoft.Practices.ObjectBuilder.ReflectionStrategy`1.BuildUp(IBuilderContext context, Type typeToBuild, Object existing, String idToBuild)\n   bei Microsoft.Practices.ObjectBuilder.BuilderStrategy.BuildUp(IBuilderContext context, Type typeToBuild, Object existing, String idToBuild)\n   bei Microsoft.Practices.ObjectBuilder.SingletonStrategy.BuildUp(IBuilderContext context, Type typeToBuild, Object existing, String idToBuild)\n   bei Microsoft.Practices.ObjectBuilder.BuilderStrategy.BuildUp(IBuilderContext context, Type typeToBuild, Object existing, String idToBuild)\n   bei Microsoft.Practices.ObjectBuilder.TypeMappingStrategy.BuildUp(IBuilderContext context, Type t, Object existing, String id)\n   bei Microsoft.Practices.ObjectBuilder.BuilderBase`1.DoBuildUp(IReadWriteLocator locator, Type typeToBuild, String idToBuild, Object existing, PolicyList[] transientPolicies)\n   bei Microsoft.Practices.ObjectBuilder.BuilderBase`1.BuildUp(IReadWriteLocator locator, Type typeToBuild, String idToBuild, Object existing, PolicyList[] transientPolicies)\n   bei Microsoft.Practices.CompositeUI.Collections.ManagedObjectCollection`1.BuildFirstTimeItem(Type typeToBuild, String idToBuild, Object item)\n   bei Microsoft.Practices.CompositeUI.Collections.ManagedObjectCollection`1.Build(Type typeToBuild, String idToBuild, Object item)\n   bei Microsoft.Practices.CompositeUI.Collections.ManagedObjectCollection`1.AddNew(Type typeToBuild, String id)\n   bei Microsoft.Practices.CompositeUI.Collections.ManagedObjectCollection`1.AddNew[TTypeToBuild]()\n   bei Microsoft.Practices.CompositeUI.CabShellApplication`2.OnRootWorkItemInitialized()\n   bei Microsoft.Practices.CompositeUI.BuilderStrategies.RootWorkItemInitializationStrategy.BuildUp(IBuilderContext context, Type typeToBuild, Object existing, String idToBuild)\n   bei Microsoft.Practices.ObjectBuilder.BuilderStrategy.BuildUp(IBuilderContext context, Type typeToBuild, Object existing, String idToBuild)\n   bei Microsoft.Practices.CompositeUI.BuilderStrategies.CommandStrategy.BuildUp(IBuilderContext context, Type t, Object existing, String id)\n   bei Microsoft.Practices.ObjectBuilder.BuilderStrategy.BuildUp(IBuilderContext context, Type typeToBuild, Object existing, String idToBuild)\n   bei Microsoft.Practices.CompositeUI.BuilderStrategies.EventBrokerStrategy.BuildUp(IBuilderContext context, Type t, Object existing, String id)\n   bei Microsoft.Practices.ObjectBuilder.BuilderStrategy.BuildUp(IBuilderContext context, Type typeToBuild, Object existing, String idToBuild)\n   bei Microsoft.Practices.ObjectBuilder.MethodExecutionStrategy.BuildUp(IBuilderContext context, Type typeToBuild, Object existing, String idToBuild)\n   bei Microsoft.Practices.ObjectBuilder.BuilderStrategy.BuildUp(IBuilderContext context, Type typeToBuild, Object existing, String idToBuild)\n   bei Microsoft.Practices.ObjectBuilder.PropertySetterStrategy.BuildUp(IBuilderContext context, Type typeToBuild, Object existing, String idToBuild)\n   bei Microsoft.Practices.ObjectBuilder.BuilderStrategy.BuildUp(IBuilderContext context, Type typeToBuild, Object existing, String idToBuild)\n   bei Microsoft.Practices.ObjectBuilder.CreationStrategy.BuildUp(IBuilderContext context, Type typeToBuild, Object existing, String idToBuild)\n   bei Microsoft.Practices.ObjectBuilder.BuilderStrategy.BuildUp(IBuilderContext context, Type typeToBuild, Object existing, String idToBuild)\n   bei Microsoft.Practices.ObjectBuilder.ReflectionStrategy`1.BuildUp(IBuilderContext context, Type typeToBuild, Object existing, String idToBuild)\n   bei Microsoft.Practices.ObjectBuilder.BuilderStrategy.BuildUp(IBuilderContext context, Type typeToBuild, Object existing, String idToBuild)\n   bei Microsoft.Practices.ObjectBuilder.ReflectionStrategy`1.BuildUp(IBuilderContext context, Type typeToBuild, Object existing, String idToBuild)\n   bei Microsoft.Practices.ObjectBuilder.BuilderStrategy.BuildUp(IBuilderContext context, Type typeToBuild, Object existing, String idToBuild)\n   bei Microsoft.Practices.ObjectBuilder.ReflectionStrategy`1.BuildUp(IBuilderContext context, Type typeToBuild, Object existing, String idToBuild)\n   bei Microsoft.Practices.ObjectBuilder.BuilderStrategy.BuildUp(IBuilderContext context, Type typeToBuild, Object existing, String idToBuild)\n   bei Microsoft.Practices.ObjectBuilder.SingletonStrategy.BuildUp(IBuilderContext context, Type typeToBuild, Object existing, String idToBuild)\n   bei Microsoft.Practices.ObjectBuilder.BuilderStrategy.BuildUp(IBuilderContext context, Type typeToBuild, Object existing, String idToBuild)\n   bei Microsoft.Practices.ObjectBuilder.TypeMappingStrategy.BuildUp(IBuilderContext context, Type t, Object existing, String id)\n   bei Microsoft.Practices.ObjectBuilder.BuilderBase`1.DoBuildUp(IReadWriteLocator locator, Type typeToBuild, String idToBuild, Object existing, PolicyList[] transientPolicies)\n   bei Microsoft.Practices.ObjectBuilder.BuilderBase`1.BuildUp(IReadWriteLocator locator, Type typeToBuild, String idToBuild, Object existing, PolicyList[] transientPolicies)\n   bei Microsoft.Practices.CompositeUI.WorkItem.BuildUp()\n   bei Microsoft.Practices.CompositeUI.CabApplication`1.Run()\n   bei Serialcoder.VisualLogParser.SqalpApplication.Main()\n InnerException \nSicherheitsfehler (= Security exception)\n   bei Serialcoder.Win32.FileAssociation.Create()\n   bei Serialcoder.VisualLogParser.Forms.MainForm.RegisterFileType()\n   bei Serialcoder.VisualLogParser.Forms.MainForm..ctor()\n---------------------------\nOK   \n---------------------------\n \n \nSeems like this is caused by the creation of a file association that writes to HKEY_LOCAL_MACHINE instead of HKEY_CURRENT_USER.",
    "LastUpdatedDate": "2013-02-14T13:13:14.92-08:00",
    "PlannedForRelease": "",
    "ReleaseVisibleToPublic": false,
    "Priority": {
      "Name": "Low",
      "Severity": 50,
      "Id": 1
    },
    "ProjectName": "visuallogparser",
    "ReportedDate": "2007-04-27T00:52:03.85-07:00",
    "Status": {
      "Name": "Proposed",
      "Id": 1
    },
    "ReasonClosed": {
      "Name": "Unassigned"
    },
    "Summary": "Error when running as non-admin",
    "Type": {
      "Name": "Issue",
      "Id": 3
    },
    "VoteCount": 6,
    "Id": 9920
  },
  "FileAttachments": [],
  "Comments": [
    {
      "Message": "the only way i could figure out how to get this to run on Vista was to run a command window as administrator, then cd to \r\nC:\\Users\\<profilename>\\AppData\\Roaming\\Microsoft\\Windows\\Start Menu\\Programs\\SerialCoder.Net>\r\n\r\nand then run \"Visual LogParser.appref-ms\"",
      "PostedDate": "2008-04-17T11:54:54.907-07:00",
      "Id": -2147483648
    },
    {
      "Message": "",
      "PostedDate": "2010-08-16T16:51:15.55-07:00",
      "Id": -2147483648
    },
    {
      "Message": "",
      "PostedDate": "2013-02-14T13:13:14.92-08:00",
      "Id": -2147483648
    }
  ]
}