{
  "WorkItem": {
    "AffectedComponent": {
      "Name": "",
      "DisplayName": ""
    },
    "ClosedComment": "",
    "ClosedDate": null,
    "CommentCount": 0,
    "Custom": null,
    "Description": "Hi Sir, \n \nI create an object ILogRecordset  in ASP.NET page and run it under Application Pool with domain account, but this account does not belong to Local Administrators group. So ILogRecordset  does not have enough permission to execute the query of Security Windows Events. That's right. But I tried to impersonate my code with another account which has full rights on local but it was still thown an exception \"access denied\".\n \nMy code like this:\n \nusing(Impersonate im = new Impersonate(account))\n{\n    ///My code here\n}\n \nThen, I replace my code using MSUtil by Object Modal (EventEntry, EventLog), everything works fine.\n \nPlease tell me what I was wrong or how can I use MSUtil in this case.\n \nMany thanks/ Tomy",
    "LastUpdatedDate": "2013-02-14T13:13:14.39-08:00",
    "PlannedForRelease": "",
    "ReleaseVisibleToPublic": false,
    "Priority": {
      "Name": "Low",
      "Severity": 50,
      "Id": 1
    },
    "ProjectName": "visuallogparser",
    "ReportedDate": "2009-11-15T20:46:18.48-08:00",
    "Status": {
      "Name": "Proposed",
      "Id": 1
    },
    "ReasonClosed": {
      "Name": "Unassigned"
    },
    "Summary": "Can not impersonate MSUtil object",
    "Type": {
      "Name": "Issue",
      "Id": 3
    },
    "VoteCount": 1,
    "Id": 25358
  },
  "FileAttachments": [],
  "Comments": []
}