{
  "WorkItem": {
    "AffectedComponent": {
      "Name": "",
      "DisplayName": ""
    },
    "ClosedComment": "",
    "ClosedDate": null,
    "CommentCount": 0,
    "Custom": null,
    "Description": "Hi,\n \nWhen I type some UTF-8 characters in my query, the saved *.vlp file will broken these characters.  I suggestion you should force *.vlp saved as UTF-8 Encoding to avoid that kind of problems.",
    "LastUpdatedDate": "2013-02-14T13:13:14.583-08:00",
    "PlannedForRelease": "",
    "ReleaseVisibleToPublic": false,
    "Priority": {
      "Name": "Low",
      "Severity": 50,
      "Id": 1
    },
    "ProjectName": "visuallogparser",
    "ReportedDate": "2009-11-14T02:45:34.433-08:00",
    "Status": {
      "Name": "Proposed",
      "Id": 1
    },
    "ReasonClosed": {
      "Name": "Unassigned"
    },
    "Summary": "Force *.vlp saved in UTF-8 Encoding",
    "Type": {
      "Name": "Issue",
      "Id": 3
    },
    "VoteCount": 1,
    "Id": 25331
  },
  "FileAttachments": [],
  "Comments": []
}