{
  "WorkItem": {
    "AffectedComponent": {
      "Name": "",
      "DisplayName": ""
    },
    "ClosedComment": "I remove the file association *.vlp",
    "ClosedDate": "2013-09-30T05:28:06.543-07:00",
    "CommentCount": 0,
    "Custom": null,
    "Description": "I don't know if anyone is still managing this application.  But I can't get through the installer.  First, it wants to install LogParser (which I already have intalled), there is no way to skip the LogParser install. \n \nThe error in the GUI is:\n \nAn error occurred trying to download 'http://www.serialcoder.net/deploy/visual-logparser/VisualLogParser.application'.\nThe following components were successfully installed:\n- LogParser 2.2\nSee the setup log file located at 'C:\\Users\\ADMINI~1\\AppData\\Local\\Temp\\2\\VSDFBE8.tmp\\install.log' for more information.\n \n \nAnd the applicable error in the logs are:\n \nURLDownloadToCacheFile failed with HRESULT '-2146697210'\nError: An error occurred trying to download 'http://www.serialcoder.net/deploy/visual-logparser/VisualLogParser.application'.\nStatus of package 'LogParser 2.2' after install is 'InstallUnknown'",
    "LastUpdatedDate": "2013-09-30T05:28:06.543-07:00",
    "PlannedForRelease": "",
    "ReleaseVisibleToPublic": false,
    "Priority": {
      "Name": "Low",
      "Severity": 50,
      "Id": 1
    },
    "ProjectName": "visuallogparser",
    "ReportedDate": "2011-12-01T06:19:18.01-08:00",
    "Status": {
      "Name": "Closed",
      "Id": 4
    },
    "ReasonClosed": {
      "Name": "Unassigned"
    },
    "Summary": "Cannot install",
    "Type": {
      "Name": "Issue",
      "Id": 3
    },
    "VoteCount": 15,
    "Id": 31871
  },
  "FileAttachments": [],
  "Comments": [
    {
      "Message": "I have the same. I am on windows 7 64bits",
      "PostedDate": "2012-03-08T07:26:06.293-08:00",
      "Id": -2147483648
    },
    {
      "Message": "",
      "PostedDate": "2012-03-08T07:30:59.41-08:00",
      "Id": -2147483648
    },
    {
      "Message": "",
      "PostedDate": "2012-03-13T04:20:33.34-07:00",
      "Id": -2147483648
    },
    {
      "Message": "",
      "PostedDate": "2012-04-04T14:29:05.27-07:00",
      "Id": -2147483648
    },
    {
      "Message": "",
      "PostedDate": "2012-05-17T10:22:18.633-07:00",
      "Id": -2147483648
    },
    {
      "Message": "",
      "PostedDate": "2012-05-20T00:23:00.72-07:00",
      "Id": -2147483648
    },
    {
      "Message": "I have the same on Win7 64 bit. The URL http://www.serialcoder.net/deploy/visual-logparser/VisualLogParser.application only gives a 404 error, which means that the file is not available/has been removed. Log file of install is:\r\n\r\nThe following properties have been set:\r\nProperty: [AdminUser] = true {boolean}\r\nProperty: [ProcessorArchitecture] = AMD64 {string}\r\nProperty: [VersionNT] = 6.1.0 {version}\r\nRunning checks for package 'LogParser 2.2', phase BuildList\r\nThe following properties have been set for package 'LogParser 2.2':\r\nRunning checks for command 'LogParser\\logparser.msi'\r\nResult of checks for command 'LogParser\\logparser.msi' is 'Install'\r\n'LogParser 2.2' RunCheck result: Install Needed\r\nRunning checks for package '.NET Framework 2.0', phase BuildList\r\nRunning external check with command line \"C:\\Users\\volker\\AppData\\Local\\Temp\\VSD36FC.tmp\\dotnetfx\\dotnetchk.exe\"\r\nProcess exited with code 1\r\nSetting value '1 {int}' for property 'DotNetInstalled'\r\nReading value 'Version' of registry key 'HKLM\\Software\\Microsoft\\Internet Explorer'\r\nRead string value '8.0.7600.16385'\r\nSetting value '8.0.7600.16385 {string}' for property 'IEVersion'\r\nThe following properties have been set for package '.NET Framework 2.0':\r\nProperty: [DotNetInstalled] = 1 {int}\r\nProperty: [IEVersion] = 8.0.7600.16385 {string}\r\nRunning checks for command 'dotnetfx\\instmsia.exe'\r\nResult of running operator 'ValueExists' on property 'VersionNT': true\r\nResult of checks for command 'dotnetfx\\instmsia.exe' is 'Bypass'\r\nRunning checks for command 'dotnetfx\\WindowsInstaller-KB893803-v2-x86.exe'\r\nResult of running operator 'ValueExists' on property 'Version9x': false\r\nResult of running operator 'VersionLessThan' on property 'VersionNT' and value '5.0.3': false\r\nResult of running operator 'VersionGreaterThanOrEqualTo' on property 'VersionMsi' and value '3.0': true\r\nResult of checks for command 'dotnetfx\\WindowsInstaller-KB893803-v2-x86.exe' is 'Bypass'\r\nRunning checks for command 'dotnetfx\\dotnetfx.exe'\r\nResult of running operator 'ValueNotEqualTo' on property 'DotNetInstalled' and value '0': true\r\nResult of checks for command 'dotnetfx\\dotnetfx.exe' is 'Bypass'\r\n'.NET Framework 2.0' RunCheck result: No Install Needed\r\nInstallation of components 'LogParser 2.2' was accepted.\r\nCopying files to temporary directory \"C:\\Users\\volker\\AppData\\Local\\Temp\\VSD36FC.tmp\\\"\r\nDownloading files to \"C:\\Users\\volker\\AppData\\Local\\Temp\\VSD36FC.tmp\\\"\r\n(20.05.2012 09:16:50) Downloading 'LogParser\\logparser.msi' from 'http://download.microsoft.com/download/f/f/1/ff1819f9-f702-48a5-bbc7-c9656bc74de8/LogParser.msi' to 'C:\\Users\\volker\\AppData\\Local\\Temp\\VSD36FC.tmp\\'\r\nDownload completed at 20.05.2012 09:17:15\r\nVerifying file integrity of C:\\Users\\volker\\AppData\\Local\\Temp\\VSD36FC.tmp\\LogParser\\logparser.msi\r\nWinVerifyTrust returned 0\r\nFile trusted\r\nRunning checks for package 'LogParser 2.2', phase BeforePackage\r\nThe following properties have been set for package 'LogParser 2.2':\r\nRunning checks for command 'LogParser\\logparser.msi'\r\nResult of checks for command 'LogParser\\logparser.msi' is 'Install'\r\n'LogParser 2.2' RunCheck result: Install Needed\r\nVerifying file integrity of C:\\Users\\volker\\AppData\\Local\\Temp\\VSD36FC.tmp\\LogParser\\logparser.msi\r\nWinVerifyTrust returned 0\r\nFile trusted\r\nInstalling using command line '\"C:\\Windows\\SysWOW64\\msiexec.exe\" -I \"C:\\Users\\volker\\AppData\\Local\\Temp\\VSD36FC.tmp\\LogParser\\logparser.msi\" -q '\r\nProcess exited with code 0\r\nRunning checks for package 'LogParser 2.2', phase AfterPackage\r\nThe following properties have been set for package 'LogParser 2.2':\r\nRunning checks for command 'LogParser\\logparser.msi'\r\nResult of checks for command 'LogParser\\logparser.msi' is 'Install'\r\n'LogParser 2.2' RunCheck result: Unknown\r\nLaunching Application.\r\nURLDownloadToCacheFile failed with HRESULT '-2146697210'\r\nError: An error occurred trying to download 'http://www.serialcoder.net/deploy/visual-logparser/VisualLogParser.application'.\r\nStatus of package 'LogParser 2.2' after install is 'InstallUnknown'\r\n",
      "PostedDate": "2012-05-20T00:28:26.82-07:00",
      "Id": -2147483648
    },
    {
      "Message": "Same on win xp 64bit.",
      "PostedDate": "2012-07-19T09:36:26.377-07:00",
      "Id": -2147483648
    },
    {
      "Message": "",
      "PostedDate": "2012-07-19T09:38:25.08-07:00",
      "Id": -2147483648
    },
    {
      "Message": "",
      "PostedDate": "2012-08-10T08:11:17.39-07:00",
      "Id": -2147483648
    },
    {
      "Message": "I got the same issue. Windows 7 64 bit.\r\n\r\nI think it cannot download files because they don't exist on that path anymore (http://www.serialcoder.net/deploy/visual-logparser/VisualLogParser.application)",
      "PostedDate": "2012-08-10T11:03:15.857-07:00",
      "Id": -2147483648
    },
    {
      "Message": "",
      "PostedDate": "2012-10-09T15:48:08.387-07:00",
      "Id": -2147483648
    },
    {
      "Message": "",
      "PostedDate": "2012-10-22T00:10:52.867-07:00",
      "Id": -2147483648
    },
    {
      "Message": "",
      "PostedDate": "2013-02-14T13:13:13.843-08:00",
      "Id": -2147483648
    },
    {
      "Message": "I have the same. I am on windows 8 64bits",
      "PostedDate": "2013-03-18T03:19:18.43-07:00",
      "Id": -2147483648
    },
    {
      "Message": "",
      "PostedDate": "2013-03-18T03:19:40.69-07:00",
      "Id": -2147483648
    },
    {
      "Message": "",
      "PostedDate": "2013-05-28T03:43:57.923-07:00",
      "Id": -2147483648
    },
    {
      "Message": "",
      "PostedDate": "2013-06-17T08:45:42.693-07:00",
      "Id": -2147483648
    },
    {
      "Message": "I have the same. I am on windows 7 32bits",
      "PostedDate": "2013-07-23T23:38:21.1-07:00",
      "Id": -2147483648
    },
    {
      "Message": "",
      "PostedDate": "2013-09-30T05:28:06.543-07:00",
      "Id": -2147483648
    }
  ]
}