{
  "WorkItem": {
    "AffectedComponent": {
      "Name": "",
      "DisplayName": ""
    },
    "ClosedComment": "",
    "ClosedDate": null,
    "CommentCount": 0,
    "Custom": null,
    "Description": "The result grid only shows 5000 lines.\n \nCan it be configurable or without limit.\nConfiguration would be prefered to avoid system hang.\n \nI discoverd it using this query and then found the same in the VLP-forum:\nSELECT \n\tComputerName,\n\tTimeGenerated,\n\tSUBSTR( Message, ADD(INDEX_OF(Message, ','), 2), SUB(SUB(INDEX_OF(Message, ' owned by '), INDEX_OF(Message, ',' )), 2) ) AS PrintedFile,\n\tSUBSTR( Message, ADD(INDEX_OF(Message, ' owned by '), 10), SUB(SUB(INDEX_OF(Message, ' was printed on '), INDEX_OF(Message, ' owned by ' )), 10) ) AS FileOwner,\n\tSUBSTR( Message, ADD(INDEX_OF(Message, ' was printed on '), 16), SUB(SUB(INDEX_OF(Message, ' via port '), INDEX_OF(Message, ' was printed on ' )), 16) ) AS PrinterName,\n\tSUBSTR( Message, ADD(INDEX_OF(Message, ' via port '), 10), SUB(SUB(INDEX_OF(Message, '. Size in bytes: '), INDEX_OF(Message, ' via port ' )), 10) ) AS PrinterPort,\n\tSUBSTR( Message, ADD(INDEX_OF(Message, '. Size in bytes: '), 17), SUB(SUB(INDEX_OF(Message, '; pages printed: '), INDEX_OF(Message, '. Size in bytes: ' )), 17) ) AS FileSize,\n\tTRIM(SUBSTR( Message, ADD(INDEX_OF(Message, '; pages printed: '), 17), SUB(SUB(STRLEN(Message), INDEX_OF(Message, '; pages printed: ' )), 17) ) ) AS PagesPrinted\nFROM \\\\srv01\\System, \\\\srv02\\system  \nWHERE EventID = 10\n \nThis issue was reported by storri in the VLP-forum.\n(http://groups.google.com/group/visual-log-parser/browse_thread/thread/747c76bccd23001)\n \n/Anders",
    "LastUpdatedDate": "2013-02-14T13:13:15.09-08:00",
    "PlannedForRelease": "",
    "ReleaseVisibleToPublic": false,
    "Priority": {
      "Name": "High",
      "Severity": 150,
      "Id": 3
    },
    "ProjectName": "visuallogparser",
    "ReportedDate": "2007-02-23T05:20:28.41-08:00",
    "Status": {
      "Name": "Proposed",
      "Id": 1
    },
    "ReasonClosed": {
      "Name": "Unassigned"
    },
    "Summary": "Results grid limited to 5000 rows",
    "Type": {
      "Name": "Issue",
      "Id": 3
    },
    "VoteCount": 1,
    "Id": 8455
  },
  "FileAttachments": [],
  "Comments": []
}