{
  "WorkItem": {
    "AffectedComponent": {
      "Name": "",
      "DisplayName": ""
    },
    "ClosedComment": "",
    "ClosedDate": null,
    "CommentCount": 0,
    "Custom": null,
    "Description": "The hidden characters (spaces,carriage returns, tabs) can't be turned off.  This makes it practically impossible to read the query when editing long statements in sql.  Office implements the show/hide hidden text as CTL-SHIFT-8 or with the ¶ button.",
    "LastUpdatedDate": "2013-02-14T13:13:14.73-08:00",
    "PlannedForRelease": "",
    "ReleaseVisibleToPublic": false,
    "Priority": {
      "Name": "Low",
      "Severity": 50,
      "Id": 1
    },
    "ProjectName": "visuallogparser",
    "ReportedDate": "2008-03-05T09:32:14.34-08:00",
    "Status": {
      "Name": "Proposed",
      "Id": 1
    },
    "ReasonClosed": {
      "Name": "Unassigned"
    },
    "Summary": "Show/Hide Hidden Characters",
    "Type": {
      "Name": "Issue",
      "Id": 3
    },
    "VoteCount": 2,
    "Id": 15465
  },
  "FileAttachments": [],
  "Comments": []
}