{
  "WorkItem": {
    "AffectedComponent": {
      "Name": "",
      "DisplayName": ""
    },
    "ClosedComment": "",
    "ClosedDate": null,
    "CommentCount": 0,
    "Custom": null,
    "Description": "Hi, thanks for the great and useful tool!\nThe issue arises only when loading sample query file \"Top 10 slowest items.vlp\". If cut&paste the same query in new window there is no error. The error is:\nError parsing query: SELECT clause: Syntax Error: unknown field 'cs-uri-stem' [Record field does not exist.]",
    "LastUpdatedDate": "2014-02-19T22:48:24.81-08:00",
    "PlannedForRelease": "",
    "ReleaseVisibleToPublic": false,
    "Priority": {
      "Name": "Unassigned",
      "Severity": 0,
      "Id": 0
    },
    "ProjectName": "visuallogparser",
    "ReportedDate": "2014-02-19T22:48:18.143-08:00",
    "Status": {
      "Name": "Proposed",
      "Id": 1
    },
    "ReasonClosed": {
      "Name": "Unassigned"
    },
    "Summary": "IISW3C: Error parsing query: SELECT clause: Syntax Error: unknown field 'cs-uri-stem' [Record field does not exist.]",
    "Type": {
      "Name": "Unassigned",
      "Id": 5
    },
    "VoteCount": 1,
    "Id": 34988
  },
  "FileAttachments": [
    {
      "FileId": 13749,
      "FileName": "vlp_error_20140220.rar",
      "DownloadUrl": ".\\13749"
    }
  ],
  "Comments": []
}