{
  "WorkItem": {
    "AffectedComponent": {
      "Name": "",
      "DisplayName": ""
    },
    "ClosedComment": "",
    "ClosedDate": null,
    "CommentCount": 0,
    "Custom": null,
    "Description": "add the possiblity to select an ouput and to edit the ouput settings via a property grid.",
    "LastUpdatedDate": "2013-02-14T13:13:15.653-08:00",
    "PlannedForRelease": "",
    "ReleaseVisibleToPublic": false,
    "Priority": {
      "Name": "Medium",
      "Severity": 100,
      "Id": 2
    },
    "ProjectName": "visuallogparser",
    "ReportedDate": "2006-10-28T05:37:37.56-07:00",
    "Status": {
      "Name": "Active",
      "Id": 2
    },
    "ReasonClosed": {
      "Name": "Unassigned"
    },
    "Summary": "Ouput configuration",
    "Type": {
      "Name": "Feature",
      "Id": 1
    },
    "VoteCount": 0,
    "Id": 4885
  },
  "FileAttachments": [],
  "Comments": [
    {
      "Message": "If you are interrested , I've added this feature.",
      "PostedDate": "2006-12-18T07:58:30.35-08:00",
      "Id": -2147483648
    },
    {
      "Message": "helloI really like this tool but I miss the ability to save the output to a file using the INTO entity.\r\n\r\nWhen is the new release available with this feature?/Anders",
      "PostedDate": "2007-01-17T23:02:48.913-08:00",
      "Id": -2147483648
    },
    {
      "Message": "",
      "PostedDate": "2013-02-14T13:13:15.653-08:00",
      "Id": -2147483648
    }
  ]
}