{
  "WorkItem": {
    "AffectedComponent": {
      "Name": "",
      "DisplayName": ""
    },
    "ClosedComment": "",
    "ClosedDate": "2006-10-28T07:03:13.94-07:00",
    "CommentCount": 0,
    "Custom": null,
    "Description": "the main \"Edit\" menu is empty.",
    "LastUpdatedDate": "2013-05-16T02:48:28.107-07:00",
    "PlannedForRelease": "1.1 Beta",
    "ReleaseVisibleToPublic": true,
    "Priority": {
      "Name": "High",
      "Severity": 150,
      "Id": 3
    },
    "ProjectName": "visuallogparser",
    "ReportedDate": "2006-10-28T06:54:07.647-07:00",
    "Status": {
      "Name": "Closed",
      "Id": 4
    },
    "ReasonClosed": {
      "Name": "Unassigned"
    },
    "Summary": "Edit menu is missing",
    "Type": {
      "Name": "Issue",
      "Id": 3
    },
    "VoteCount": 0,
    "Id": 4889
  },
  "FileAttachments": [],
  "Comments": [
    {
      "Message": "Resolved with changeset 9562.",
      "PostedDate": "2006-10-28T07:03:13.94-07:00",
      "Id": -2147483648
    },
    {
      "Message": "",
      "PostedDate": "2013-02-14T13:13:15.247-08:00",
      "Id": -2147483648
    },
    {
      "Message": "",
      "PostedDate": "2013-05-16T02:48:28.107-07:00",
      "Id": -2147483648
    }
  ]
}