[
  {
    "Id": "0",
    "Name": "1.1 Beta",
    "DevelopmentStatus": "Planning",
    "Description": "This version should fix a first wave of issue reported after the official release. No major new features planned here.",
    "ReleasedDatge": "0001-01-01T00:00:00",
    "ModifiedDate": "0001-01-01T00:00:00",
    "Files": []
  },
  {
    "Id": "1",
    "Name": "1.0 Beta",
    "DevelopmentStatus": "None",
    "Description": "This is the first version of Visual log parser. Features includes: MDI, Visual Input parameters, contextual help, syntax highlight, print/print preview, Save & load.",
    "ReleasedDatge": "0001-01-01T00:00:00",
    "ModifiedDate": "0001-01-01T00:00:00",
    "Files": [
      {
        "Id": "7decd921-350e-49a5-acfd-8552db7e044c",
        "FileName": "setup.exe",
        "Url": "./1/7decd921-350e-49a5-acfd-8552db7e044c",
        "Type": "Application",
        "UploadDate": "2006-10-27T02:16:28.617-07:00"
      },
      {
        "Id": "f7fe0c8b-fcbf-4ded-a977-3adb5a7978bd",
        "FileName": "VLP-061109.rar",
        "Url": "./1/f7fe0c8b-fcbf-4ded-a977-3adb5a7978bd",
        "Type": "Application",
        "UploadDate": "2006-11-09T07:07:03.17-08:00"
      }
    ]
  },
  {
    "Id": "2",
    "Name": "VisualLogParser",
    "DevelopmentStatus": "Beta",
    "Description": "Portable Visual Log Parser for Dotnet 4.0",
    "ReleasedDatge": "0001-01-01T00:00:00",
    "ModifiedDate": "2013-09-30T01:45:15.937-07:00",
    "Files": [
      {
        "Id": "0303932e-14cd-45b5-a5cf-a668c3b10cfb",
        "FileName": "VisualLogParser.zip",
        "Url": "./2/0303932e-14cd-45b5-a5cf-a668c3b10cfb",
        "Type": "Application",
        "UploadDate": "2013-09-30T01:45:15.783-07:00"
      }
    ]
  }
]